{
  "raw_file_size":192,
  "file_size_mb":0.00018310546875,
  "num_packets":3,
  "duration":0.00038790702819824219,
  "num_hosts":0,
  "num_ports":0,
  "hosts":[
  ],
  "ports":[
  ]
}
