{
  "raw_file_size":5535,
  "file_size_mb":0.0052785873413085938,
  "num_packets":17,
  "duration":0.26318001747131348,
  "num_hosts":1,
  "num_ports":2,
  "hosts":[
    {
      "host_ip":"127.0.0.1",
      "count":34
    }
  ],
  "ports":[
    {
      "port":8080,
      "count":17
    },
    {
      "port":34645,
      "count":17
    }
  ]
}
